http://mate-desktop.org/2013/03/12/mate-university/,http://mate-desktop.org/posts/20130312mate-university.html
http://mate-desktop.org/install/,http://mate-desktop.org/stories/install.html
http://mate-desktop.org/2012/12/27/thank-you-first-colo/,http://mate-desktop.org/posts/20121227thank-you-first-colo.html
http://mate-desktop.org/team/,http://mate-desktop.org/stories/team.html
http://mate-desktop.org/2013/03/20/mate-and-ltsp/,http://mate-desktop.org/posts/20130320mate-and-ltsp.html
http://mate-desktop.org/2012/11/10/fedora-repo/,http://mate-desktop.org/posts/20121110fedora-repo.html
http://mate-desktop.org/2013/07/21/stefano-at-opensuse-conference/,http://mate-desktop.org/posts/20130721stefano-at-opensuse-conference.html
http://mate-desktop.org/about/,http://mate-desktop.org/stories/about.html
http://mate-desktop.org/2012/05/22/156/,http://mate-desktop.org/stories/20120522156.html
http://mate-desktop.org/2012/07/30/mate-1-4-released/,http://mate-desktop.org/posts/20120730mate-1-4-released.html
http://mate-desktop.org/2013/04/02/mate-1-6-released/,http://mate-desktop.org/posts/20130402mate-1-6-released.html
http://mate-desktop.org/2013/08/10/new-repositories-for-opensuse/,http://mate-desktop.org/posts/20130810new-repositories-for-opensuse.html
http://mate-desktop.org/applications/,http://mate-desktop.org/stories/applications.html
http://mate-desktop.org/2012/02/10/98/,http://mate-desktop.org/stories/2012021098.html
http://mate-desktop.org/support/,http://mate-desktop.org/stories/support.html
http://mate-desktop.org/2012/04/17/131/,http://mate-desktop.org/stories/20120417131.html
http://mate-desktop.org/2011/12/05/hello-world/,http://mate-desktop.org/posts/20111205hello-world.html
http://mate-desktop.org/2012/04/16/mate-1-2-released/,http://mate-desktop.org/posts/20120416mate-1-2-released.html
http://mate-desktop.org/2011/12/26/73/,http://mate-desktop.org/stories/2011122673.html
http://mate-desktop.org/2011/12/26/71/,http://mate-desktop.org/stories/2011122671.html
http://mate-desktop.org/2012/01/18/reporting-bugs/,http://mate-desktop.org/posts/20120118reporting-bugs.html
http://mate-desktop.org/2012/10/16/mate-quantal-repo-available/,http://mate-desktop.org/posts/20121016mate-quantal-repo-available.html
http://mate-desktop.org/development/,http://mate-desktop.org/stories/development.html
http://mate-desktop.org/2011/12/26/74/,http://mate-desktop.org/stories/2011122674.html
http://mate-desktop.org/donate/,http://mate-desktop.org/stories/donate.html
http://mate-desktop.org/2011/12/24/new-wiki-and-other-info/,http://mate-desktop.org/posts/20111224new-wiki-and-other-info.html
http://mate-desktop.org/2013/03/26/new-themes/,http://mate-desktop.org/posts/20130326new-themes.html
http://mate-desktop.org/2011/12/26/72/,http://mate-desktop.org/stories/2011122672.html
http://mate-desktop.org/2013/01/20/changes-to-mate-notification-daemon/,http://mate-desktop.org/posts/20130120changes-to-mate-notification-daemon.html
http://mate-desktop.org/feedback/,http://mate-desktop.org/stories/feedback.html
http://mate-desktop.org/2012/07/28/packages-mate-desktop-org-repo/,http://mate-desktop.org/posts/20120728packages-mate-desktop-org-repo.html
http://mate-desktop.org/2011/12/26/70/,http://mate-desktop.org/stories/2011122670.html
http://mate-desktop.org/2012/11/09/pluma-vs-geany-lite/,http://mate-desktop.org/posts/20121109pluma-vs-geany-lite.html
